textures\actors\character\facegendata\facetint\skyscape.esp\000040cf.dds	textures\actors\character\facegendata\facetint\skyscape.esm\000040cf.dds
textures\actors\character\facegendata\facetint\skyscape.esp\00004461.dds	textures\actors\character\facegendata\facetint\skyscape.esm\00004461.dds
textures\actors\character\facegendata\facetint\skyscape.esp\000044a3.dds	textures\actors\character\facegendata\facetint\skyscape.esm\000044a3.dds
textures\actors\character\facegendata\facetint\skyscape.esp\0000a3c9.dds	textures\actors\character\facegendata\facetint\skyscape.esm\0000a3c9.dds
textures\actors\character\facegendata\facetint\skyscape.esp\0000a3cf.dds	textures\actors\character\facegendata\facetint\skyscape.esm\0000a3cf.dds
textures\actors\character\facegendata\facetint\skyscape.esp\0000a447.dds	textures\actors\character\facegendata\facetint\skyscape.esm\0000a447.dds
textures\actors\character\facegendata\facetint\skyscape.esp\0000ad26.dds	textures\actors\character\facegendata\facetint\skyscape.esm\0000ad26.dds
textures\actors\character\facegendata\facetint\skyscape.esp\0000d268.dds	textures\actors\character\facegendata\facetint\skyscape.esm\0000d268.dds
textures\actors\character\facegendata\facetint\skyscape.esp\0000d354.dds	textures\actors\character\facegendata\facetint\skyscape.esm\0000d354.dds
textures\actors\character\facegendata\facetint\skyscape.esp\0000de40.dds	textures\actors\character\facegendata\facetint\skyscape.esm\0000de40.dds
textures\actors\character\facegendata\facetint\skyscape.esp\0000f413.dds	textures\actors\character\facegendata\facetint\skyscape.esm\0000f413.dds
textures\actors\character\facegendata\facetint\skyscape.esp\000114a8.dds	textures\actors\character\facegendata\facetint\skyscape.esm\000114a8.dds
textures\actors\character\facegendata\facetint\skyscape.esp\00011add.dds	textures\actors\character\facegendata\facetint\skyscape.esm\00011add.dds
textures\actors\character\facegendata\facetint\skyscape.esp\000165f0.dds	textures\actors\character\facegendata\facetint\skyscape.esm\000165f0.dds
textures\actors\character\facegendata\facetint\skyscape.esp\000198c6.dds	textures\actors\character\facegendata\facetint\skyscape.esm\000198c6.dds
textures\actors\character\facegendata\facetint\skyscape.esp\0001ec54.dds	textures\actors\character\facegendata\facetint\skyscape.esm\0001ec54.dds
textures\actors\character\facegendata\facetint\skyscape.esp\0001ec55.dds	textures\actors\character\facegendata\facetint\skyscape.esm\0001ec55.dds
textures\actors\character\facegendata\facetint\skyscape.esp\0002009d.dds	textures\actors\character\facegendata\facetint\skyscape.esm\0002009d.dds
textures\actors\character\facegendata\facetint\skyscape.esp\0002009e.dds	textures\actors\character\facegendata\facetint\skyscape.esm\0002009e.dds
textures\actors\character\facegendata\facetint\skyscape.esp\0002009f.dds	textures\actors\character\facegendata\facetint\skyscape.esm\0002009f.dds
textures\actors\character\facegendata\facetint\skyscape.esp\000277c7.dds	textures\actors\character\facegendata\facetint\skyscape.esm\000277c7.dds
textures\actors\character\facegendata\facetint\skyscape.esp\00027d3d.dds	textures\actors\character\facegendata\facetint\skyscape.esm\00027d3d.dds
textures\actors\character\facegendata\facetint\skyscape.esp\000372df.dds	textures\actors\character\facegendata\facetint\skyscape.esm\000372df.dds
textures\actors\character\facegendata\facetint\skyscape.esp\0003789a.dds	textures\actors\character\facegendata\facetint\skyscape.esm\0003789a.dds
textures\actors\character\facegendata\facetint\skyscape.esp\00038b37.dds	textures\actors\character\facegendata\facetint\skyscape.esm\00038b37.dds
textures\actors\character\facegendata\facetint\skyscape.esp\0003b7f9.dds	textures\actors\character\facegendata\facetint\skyscape.esm\0003b7f9.dds
textures\actors\character\facegendata\facetint\skyscape.esp\00040aea.dds	textures\actors\character\facegendata\facetint\skyscape.esm\00040aea.dds
textures\actors\character\facegendata\facetint\skyscape.esp\00040aed.dds	textures\actors\character\facegendata\facetint\skyscape.esm\00040aed.dds
textures\actors\character\facegendata\facetint\skyscape.esp\00041077.dds	textures\actors\character\facegendata\facetint\skyscape.esm\00041077.dds
textures\actors\character\facegendata\facetint\skyscape.esp\00041617.dds	textures\actors\character\facegendata\facetint\skyscape.esm\00041617.dds
textures\actors\character\facegendata\facetint\skyscape.esp\00043243.dds	textures\actors\character\facegendata\facetint\skyscape.esm\00043243.dds
textures\actors\character\facegendata\facetint\skyscape.esp\00043280.dds	textures\actors\character\facegendata\facetint\skyscape.esm\00043280.dds
textures\actors\character\facegendata\facetint\skyscape.esp\00045174.dds	textures\actors\character\facegendata\facetint\skyscape.esm\00045174.dds
textures\actors\character\facegendata\facetint\skyscape.esp\00045185.dds	textures\actors\character\facegendata\facetint\skyscape.esm\00045185.dds
textures\actors\character\facegendata\facetint\skyscape.esp\00092bf2.dds	textures\actors\character\facegendata\facetint\skyscape.esm\00092bf2.dds
textures\actors\character\facegendata\facetint\skyscape.esp\00092bf4.dds	textures\actors\character\facegendata\facetint\skyscape.esm\00092bf4.dds
textures\actors\character\facegendata\facetint\skyscape.esp\00092bf6.dds	textures\actors\character\facegendata\facetint\skyscape.esm\00092bf6.dds
textures\actors\character\facegendata\facetint\skyscape.esp\00092bf8.dds	textures\actors\character\facegendata\facetint\skyscape.esm\00092bf8.dds
textures\actors\character\facegendata\facetint\skyscape.esp\000a6c25.dds	textures\actors\character\facegendata\facetint\skyscape.esm\000a6c25.dds
textures\actors\character\facegendata\facetint\skyscape.esp\0012b07a.dds	textures\actors\character\facegendata\facetint\skyscape.esm\0012b07a.dds
textures\actors\character\facegendata\facetint\skyscape.esp\0015d6c0.dds	textures\actors\character\facegendata\facetint\skyscape.esm\0015d6c0.dds
textures\actors\character\facegendata\facetint\skyscape.esp\00164eaf.dds	textures\actors\character\facegendata\facetint\skyscape.esm\00164eaf.dds
textures\actors\character\facegendata\facetint\skyscape.esp\0018dda5.dds	textures\actors\character\facegendata\facetint\skyscape.esm\0018dda5.dds
textures\actors\character\facegendata\facetint\skyscape.esp\001c477c.dds	textures\actors\character\facegendata\facetint\skyscape.esm\001c477c.dds
textures\actors\character\facegendata\facetint\skyscape.esp\001c477d.dds	textures\actors\character\facegendata\facetint\skyscape.esm\001c477d.dds
textures\actors\character\facegendata\facetint\skyscape.esp\001c4780.dds	textures\actors\character\facegendata\facetint\skyscape.esm\001c4780.dds
textures\actors\character\facegendata\facetint\skyscape.esp\001c4782.dds	textures\actors\character\facegendata\facetint\skyscape.esm\001c4782.dds
textures\actors\character\facegendata\facetint\skyscape.esp\001c702f.dds	textures\actors\character\facegendata\facetint\skyscape.esm\001c702f.dds
textures\actors\character\facegendata\facetint\skyscape.esp\001c7031.dds	textures\actors\character\facegendata\facetint\skyscape.esm\001c7031.dds
textures\actors\character\facegendata\facetint\skyscape.esp\001c7033.dds	textures\actors\character\facegendata\facetint\skyscape.esm\001c7033.dds
textures\actors\character\facegendata\facetint\skyscape.esp\001d9184.dds	textures\actors\character\facegendata\facetint\skyscape.esm\001d9184.dds
textures\actors\character\facegendata\facetint\skyscape.esp\001d9185.dds	textures\actors\character\facegendata\facetint\skyscape.esm\001d9185.dds
textures\actors\character\facegendata\facetint\skyscape.esp\001d9186.dds	textures\actors\character\facegendata\facetint\skyscape.esm\001d9186.dds
textures\actors\character\facegendata\facetint\skyscape.esp\001f42e3.dds	textures\actors\character\facegendata\facetint\skyscape.esm\001f42e3.dds
textures\actors\character\facegendata\facetint\skyscape.esp\00205f88.dds	textures\actors\character\facegendata\facetint\skyscape.esm\00205f88.dds
textures\actors\character\facegendata\facetint\skyscape.esp\00206030.dds	textures\actors\character\facegendata\facetint\skyscape.esm\00206030.dds
textures\actors\character\facegendata\facetint\skyscape.esp\00206109.dds	textures\actors\character\facegendata\facetint\skyscape.esm\00206109.dds
textures\actors\character\facegendata\facetint\skyscape.esp\002061c4.dds	textures\actors\character\facegendata\facetint\skyscape.esm\002061c4.dds
textures\actors\character\facegendata\facetint\skyscape.esp\00215a8b.dds	textures\actors\character\facegendata\facetint\skyscape.esm\00215a8b.dds
textures\actors\character\facegendata\facetint\skyscape.esp\0022a4eb.dds	textures\actors\character\facegendata\facetint\skyscape.esm\0022a4eb.dds
textures\actors\character\facegendata\facetint\skyscape.esp\00230404.dds	textures\actors\character\facegendata\facetint\skyscape.esm\00230404.dds
textures\actors\character\facegendata\facetint\skyscape.esp\002423a5.dds	textures\actors\character\facegendata\facetint\skyscape.esm\002423a5.dds
textures\actors\character\facegendata\facetint\skyscape.esp\002423c9.dds	textures\actors\character\facegendata\facetint\skyscape.esm\002423c9.dds
textures\actors\character\facegendata\facetint\skyscape.esp\002423cb.dds	textures\actors\character\facegendata\facetint\skyscape.esm\002423cb.dds
textures\actors\character\facegendata\facetint\skyscape.esp\002423cd.dds	textures\actors\character\facegendata\facetint\skyscape.esm\002423cd.dds
textures\actors\character\facegendata\facetint\skyscape.esp\002423cf.dds	textures\actors\character\facegendata\facetint\skyscape.esm\002423cf.dds
textures\actors\character\facegendata\facetint\skyscape.esp\002424bc.dds	textures\actors\character\facegendata\facetint\skyscape.esm\002424bc.dds
textures\actors\character\facegendata\facetint\skyscape.esp\002636a3.dds	textures\actors\character\facegendata\facetint\skyscape.esm\002636a3.dds
textures\actors\character\facegendata\facetint\skyscape.esp\002636c8.dds	textures\actors\character\facegendata\facetint\skyscape.esm\002636c8.dds
textures\actors\character\facegendata\facetint\skyscape.esp\002abc0e.dds	textures\actors\character\facegendata\facetint\skyscape.esm\002abc0e.dds
textures\actors\character\facegendata\facetint\skyscape.esp\002b0ee3.dds	textures\actors\character\facegendata\facetint\skyscape.esm\002b0ee3.dds
textures\actors\character\facegendata\facetint\skyscape.esp\002b0ee4.dds	textures\actors\character\facegendata\facetint\skyscape.esm\002b0ee4.dds
textures\actors\character\facegendata\facetint\skyscape.esp\002e228e.dds	textures\actors\character\facegendata\facetint\skyscape.esm\002e228e.dds
textures\actors\character\facegendata\facetint\skyscape.esp\0031ed45.dds	textures\actors\character\facegendata\facetint\skyscape.esm\0031ed45.dds
textures\actors\character\facegendata\facetint\skyscape.esp\00321696.dds	textures\actors\character\facegendata\facetint\skyscape.esm\00321696.dds
textures\actors\character\facegendata\facetint\skyscape.esp\00321698.dds	textures\actors\character\facegendata\facetint\skyscape.esm\00321698.dds
textures\sirwho\medieval\medieval_wizard_hat_beige.dds	textures\armor\runesky\rs wizard hat\rs_hat_wizard_cream.dds
textures\sirwho\medieval\medieval_wizard_hat_beige_msn.dds	textures\armor\runesky\rs wizard hat\rs_hat_wizard_n.dds
textures\landscape\runesky\trees\gkbpalmbark22_n.dds	textures\default_n.dds
textures\landscape\runesky\trees\datepalmbark2_n.dds	textures\default_n.dds
textures\weapons\runesky\halberd\orcishbattleaxe_n.dds	textures\weapons\orcish\orcishbattleaxe_n.dds
textures\weapons\runesky\halberd\orcishbattleaxe_m.dds	textures\weapons\orcish\orcishbattleaxe_m.dds
textures\weapons\runesky\longswords\longsword_sheath_m.dds	<clear>
